text,label
pushing through moving average.,momentum
momentum building up.,momentum
momentum building up.,momentum
bullish engulfing pattern.,momentum
volume spike.,momentum
pushing through moving average.,momentum
price action looks explosive.,momentum
riding the trend.,momentum
momentum building up.,momentum
volume spike.,momentum
momentum building up.,momentum
price action looks explosive.,momentum
buying high to sell higher.,momentum
pushing through moving average.,momentum
volume spike.,momentum
price action looks explosive.,momentum
price action looks explosive.,momentum
pushing through moving average.,momentum
momentum building up.,momentum
bullish engulfing pattern.,momentum
riding the trend.,momentum
breakout above resistance.,momentum
breakout above resistance.,momentum
chasing strength.,momentum
bullish engulfing pattern.,momentum
chasing strength.,momentum
strong upward move.,momentum
buying high to sell higher.,momentum
breakout above resistance.,momentum
breakout above resistance.,momentum
buying high to sell higher.,momentum
pushing through moving average.,momentum
breakout above resistance.,momentum
buying high to sell higher.,momentum
chasing strength.,momentum
strong upward move.,momentum
breakout above resistance.,momentum
volume spike.,momentum
chasing strength.,momentum
chasing strength.,momentum
volume spike.,momentum
strong upward move.,momentum
momentum building up.,momentum
strong upward move.,momentum
riding the trend.,momentum
price action looks explosive.,momentum
pushing through moving average.,momentum
chasing strength.,momentum
buying high to sell higher.,momentum
bullish engulfing pattern.,momentum
volume spike.,momentum
strong upward move.,momentum
breakout above resistance.,momentum
price action looks explosive.,momentum
chasing strength.,momentum
riding the trend.,momentum
bullish engulfing pattern.,momentum
strong upward move.,momentum
chasing strength.,momentum
chasing strength.,momentum
price action looks explosive.,momentum
volume spike.,momentum
chasing strength.,momentum
pushing through moving average.,momentum
pushing through moving average.,momentum
riding the trend.,momentum
pushing through moving average.,momentum
bullish engulfing pattern.,momentum
momentum building up.,momentum
momentum building up.,momentum
strong upward move.,momentum
bullish engulfing pattern.,momentum
price action looks explosive.,momentum
breakout above resistance.,momentum
chasing strength.,momentum
strong upward move.,momentum
pushing through moving average.,momentum
pushing through moving average.,momentum
buying high to sell higher.,momentum
momentum building up.,momentum
chasing strength.,momentum
riding the trend.,momentum
strong upward move.,momentum
pushing through moving average.,momentum
momentum building up.,momentum
buying high to sell higher.,momentum
chasing strength.,momentum
pushing through moving average.,momentum
riding the trend.,momentum
strong upward move.,momentum
pushing through moving average.,momentum
pushing through moving average.,momentum
pushing through moving average.,momentum
strong upward move.,momentum
pushing through moving average.,momentum
volume spike.,momentum
strong upward move.,momentum
momentum building up.,momentum
riding the trend.,momentum
strong upward move.,momentum
bullish engulfing pattern.,momentum
buying high to sell higher.,momentum
bullish engulfing pattern.,momentum
price action looks explosive.,momentum
strong upward move.,momentum
pushing through moving average.,momentum
riding the trend.,momentum
riding the trend.,momentum
strong upward move.,momentum
strong upward move.,momentum
strong upward move.,momentum
breakout above resistance.,momentum
price action looks explosive.,momentum
price action looks explosive.,momentum
price action looks explosive.,momentum
buying high to sell higher.,momentum
strong upward move.,momentum
bullish engulfing pattern.,momentum
buying high to sell higher.,momentum
breakout above resistance.,momentum
chasing strength.,momentum
breakout above resistance.,momentum
pushing through moving average.,momentum
momentum building up.,momentum
bullish engulfing pattern.,momentum
bullish engulfing pattern.,momentum
buying high to sell higher.,momentum
pushing through moving average.,momentum
strong upward move.,momentum
price action looks explosive.,momentum
momentum building up.,momentum
price action looks explosive.,momentum
volume spike.,momentum
breakout above resistance.,momentum
breakout above resistance.,momentum
volume spike.,momentum
pushing through moving average.,momentum
momentum building up.,momentum
bullish engulfing pattern.,momentum
volume spike.,momentum
breakout above resistance.,momentum
chasing strength.,momentum
breakout above resistance.,momentum
pushing through moving average.,momentum
chasing strength.,momentum
price action looks explosive.,momentum
price action looks explosive.,momentum
volume spike.,momentum
price action looks explosive.,momentum
buying high to sell higher.,momentum
strong upward move.,momentum
pushing through moving average.,momentum
bullish engulfing pattern.,momentum
chasing strength.,momentum
buying high to sell higher.,momentum
momentum building up.,momentum
price action looks explosive.,momentum
volume spike.,momentum
buying high to sell higher.,momentum
volume spike.,momentum
pushing through moving average.,momentum
bullish engulfing pattern.,momentum
buying high to sell higher.,momentum
volume spike.,momentum
buying high to sell higher.,momentum
volume spike.,momentum
volume spike.,momentum
momentum building up.,momentum
pushing through moving average.,momentum
chasing strength.,momentum
momentum building up.,momentum
volume spike.,momentum
price action looks explosive.,momentum
bullish engulfing pattern.,momentum
price action looks explosive.,momentum
pushing through moving average.,momentum
volume spike.,momentum
riding the trend.,momentum
volume spike.,momentum
riding the trend.,momentum
price action looks explosive.,momentum
volume spike.,momentum
breakout above resistance.,momentum
price action looks explosive.,momentum
chasing strength.,momentum
chasing strength.,momentum
bullish engulfing pattern.,momentum
breakout above resistance.,momentum
bullish engulfing pattern.,momentum
buying high to sell higher.,momentum
breakout above resistance.,momentum
strong upward move.,momentum
buying high to sell higher.,momentum
price action looks explosive.,momentum
strong upward move.,momentum
price action looks explosive.,momentum
volume spike.,momentum
bullish engulfing pattern.,momentum
pushing through moving average.,momentum
bullish engulfing pattern.,momentum
stock trading at a discount.,value
deep value play.,value
price to book is attractive.,value
deep value play.,value
company fundamentals are solid.,value
company fundamentals are solid.,value
deep value play.,value
price to book is attractive.,value
stock trading at a discount.,value
price to book is attractive.,value
price to book is attractive.,value
stock trading at a discount.,value
strong balance sheet.,value
market overreaction.,value
deep value play.,value
market overreaction.,value
high dividend yield.,value
strong balance sheet.,value
high dividend yield.,value
market overreaction.,value
price to book is attractive.,value
P/E ratio is low.,value
price to book is attractive.,value
strong balance sheet.,value
undervalued.,value
stock trading at a discount.,value
undervalued.,value
market overreaction.,value
price to book is attractive.,value
undervalued.,value
P/E ratio is low.,value
stock trading at a discount.,value
undervalued.,value
price to book is attractive.,value
company fundamentals are solid.,value
high dividend yield.,value
strong balance sheet.,value
company fundamentals are solid.,value
strong balance sheet.,value
undervalued.,value
market overreaction.,value
below intrinsic value.,value
market overreaction.,value
company fundamentals are solid.,value
company fundamentals are solid.,value
high dividend yield.,value
deep value play.,value
P/E ratio is low.,value
undervalued.,value
strong balance sheet.,value
undervalued.,value
strong balance sheet.,value
company fundamentals are solid.,value
price to book is attractive.,value
price to book is attractive.,value
undervalued.,value
company fundamentals are solid.,value
below intrinsic value.,value
company fundamentals are solid.,value
price to book is attractive.,value
strong balance sheet.,value
market overreaction.,value
price to book is attractive.,value
company fundamentals are solid.,value
deep value play.,value
deep value play.,value
strong balance sheet.,value
deep value play.,value
below intrinsic value.,value
stock trading at a discount.,value
market overreaction.,value
price to book is attractive.,value
company fundamentals are solid.,value
market overreaction.,value
company fundamentals are solid.,value
market overreaction.,value
strong balance sheet.,value
stock trading at a discount.,value
company fundamentals are solid.,value
below intrinsic value.,value
stock trading at a discount.,value
below intrinsic value.,value
undervalued.,value
strong balance sheet.,value
stock trading at a discount.,value
stock trading at a discount.,value
high dividend yield.,value
company fundamentals are solid.,value
below intrinsic value.,value
P/E ratio is low.,value
price to book is attractive.,value
high dividend yield.,value
below intrinsic value.,value
stock trading at a discount.,value
high dividend yield.,value
P/E ratio is low.,value
P/E ratio is low.,value
company fundamentals are solid.,value
market overreaction.,value
price to book is attractive.,value
market overreaction.,value
strong balance sheet.,value
strong balance sheet.,value
deep value play.,value
below intrinsic value.,value
deep value play.,value
strong balance sheet.,value
market overreaction.,value
market overreaction.,value
price to book is attractive.,value
below intrinsic value.,value
undervalued.,value
undervalued.,value
company fundamentals are solid.,value
company fundamentals are solid.,value
market overreaction.,value
strong balance sheet.,value
price to book is attractive.,value
stock trading at a discount.,value
company fundamentals are solid.,value
stock trading at a discount.,value
company fundamentals are solid.,value
price to book is attractive.,value
deep value play.,value
below intrinsic value.,value
market overreaction.,value
high dividend yield.,value
high dividend yield.,value
undervalued.,value
undervalued.,value
deep value play.,value
company fundamentals are solid.,value
deep value play.,value
below intrinsic value.,value
high dividend yield.,value
company fundamentals are solid.,value
price to book is attractive.,value
strong balance sheet.,value
company fundamentals are solid.,value
high dividend yield.,value
high dividend yield.,value
below intrinsic value.,value
strong balance sheet.,value
below intrinsic value.,value
deep value play.,value
market overreaction.,value
below intrinsic value.,value
P/E ratio is low.,value
undervalued.,value
company fundamentals are solid.,value
below intrinsic value.,value
below intrinsic value.,value
high dividend yield.,value
high dividend yield.,value
market overreaction.,value
undervalued.,value
undervalued.,value
high dividend yield.,value
undervalued.,value
P/E ratio is low.,value
company fundamentals are solid.,value
P/E ratio is low.,value
deep value play.,value
high dividend yield.,value
high dividend yield.,value
high dividend yield.,value
high dividend yield.,value
high dividend yield.,value
stock trading at a discount.,value
high dividend yield.,value
stock trading at a discount.,value
stock trading at a discount.,value
deep value play.,value
strong balance sheet.,value
undervalued.,value
high dividend yield.,value
undervalued.,value
undervalued.,value
high dividend yield.,value
high dividend yield.,value
deep value play.,value
below intrinsic value.,value
undervalued.,value
below intrinsic value.,value
P/E ratio is low.,value
P/E ratio is low.,value
strong balance sheet.,value
strong balance sheet.,value
high dividend yield.,value
company fundamentals are solid.,value
company fundamentals are solid.,value
stock trading at a discount.,value
deep value play.,value
price to book is attractive.,value
company fundamentals are solid.,value
P/E ratio is low.,value
deep value play.,value
market overreaction.,value
company fundamentals are solid.,value
below intrinsic value.,value
bollinger band squeeze.,technical
head and shoulders pattern.,technical
RSI is oversold.,technical
trendline bounce.,technical
technical setup looks clean.,technical
double bottom forming.,technical
MACD crossover.,technical
volume confirms breakout.,technical
volume confirms breakout.,technical
bollinger band squeeze.,technical
RSI is oversold.,technical
support zone.,technical
technical setup looks clean.,technical
trendline bounce.,technical
bollinger band squeeze.,technical
RSI is oversold.,technical
head and shoulders pattern.,technical
head and shoulders pattern.,technical
volume confirms breakout.,technical
RSI is oversold.,technical
head and shoulders pattern.,technical
trendline bounce.,technical
double bottom forming.,technical
trendline bounce.,technical
head and shoulders pattern.,technical
trendline bounce.,technical
Fibonacci retracement level.,technical
trendline bounce.,technical
RSI is oversold.,technical
technical setup looks clean.,technical
double bottom forming.,technical
trendline bounce.,technical
MACD crossover.,technical
RSI is oversold.,technical
MACD crossover.,technical
bollinger band squeeze.,technical
RSI is oversold.,technical
Fibonacci retracement level.,technical
MACD crossover.,technical
MACD crossover.,technical
technical setup looks clean.,technical
double bottom forming.,technical
trendline bounce.,technical
trendline bounce.,technical
technical setup looks clean.,technical
head and shoulders pattern.,technical
technical setup looks clean.,technical
volume confirms breakout.,technical
technical setup looks clean.,technical
double bottom forming.,technical
support zone.,technical
trendline bounce.,technical
Fibonacci retracement level.,technical
double bottom forming.,technical
support zone.,technical
double bottom forming.,technical
RSI is oversold.,technical
support zone.,technical
Fibonacci retracement level.,technical
head and shoulders pattern.,technical
MACD crossover.,technical
support zone.,technical
volume confirms breakout.,technical
trendline bounce.,technical
Fibonacci retracement level.,technical
RSI is oversold.,technical
double bottom forming.,technical
head and shoulders pattern.,technical
bollinger band squeeze.,technical
volume confirms breakout.,technical
support zone.,technical
double bottom forming.,technical
double bottom forming.,technical
Fibonacci retracement level.,technical
Fibonacci retracement level.,technical
head and shoulders pattern.,technical
Fibonacci retracement level.,technical
Fibonacci retracement level.,technical
double bottom forming.,technical
support zone.,technical
technical setup looks clean.,technical
head and shoulders pattern.,technical
RSI is oversold.,technical
MACD crossover.,technical
trendline bounce.,technical
trendline bounce.,technical
double bottom forming.,technical
bollinger band squeeze.,technical
volume confirms breakout.,technical
trendline bounce.,technical
trendline bounce.,technical
head and shoulders pattern.,technical
RSI is oversold.,technical
technical setup looks clean.,technical
trendline bounce.,technical
double bottom forming.,technical
double bottom forming.,technical
MACD crossover.,technical
trendline bounce.,technical
volume confirms breakout.,technical
Fibonacci retracement level.,technical
head and shoulders pattern.,technical
bollinger band squeeze.,technical
MACD crossover.,technical
trendline bounce.,technical
MACD crossover.,technical
RSI is oversold.,technical
Fibonacci retracement level.,technical
trendline bounce.,technical
technical setup looks clean.,technical
double bottom forming.,technical
trendline bounce.,technical
double bottom forming.,technical
trendline bounce.,technical
Fibonacci retracement level.,technical
volume confirms breakout.,technical
trendline bounce.,technical
Fibonacci retracement level.,technical
support zone.,technical
support zone.,technical
head and shoulders pattern.,technical
volume confirms breakout.,technical
support zone.,technical
support zone.,technical
double bottom forming.,technical
bollinger band squeeze.,technical
double bottom forming.,technical
support zone.,technical
trendline bounce.,technical
double bottom forming.,technical
head and shoulders pattern.,technical
MACD crossover.,technical
technical setup looks clean.,technical
MACD crossover.,technical
support zone.,technical
MACD crossover.,technical
support zone.,technical
trendline bounce.,technical
support zone.,technical
trendline bounce.,technical
MACD crossover.,technical
volume confirms breakout.,technical
RSI is oversold.,technical
trendline bounce.,technical
trendline bounce.,technical
head and shoulders pattern.,technical
Fibonacci retracement level.,technical
trendline bounce.,technical
MACD crossover.,technical
Fibonacci retracement level.,technical
volume confirms breakout.,technical
trendline bounce.,technical
bollinger band squeeze.,technical
head and shoulders pattern.,technical
bollinger band squeeze.,technical
trendline bounce.,technical
RSI is oversold.,technical
RSI is oversold.,technical
support zone.,technical
double bottom forming.,technical
support zone.,technical
Fibonacci retracement level.,technical
bollinger band squeeze.,technical
technical setup looks clean.,technical
technical setup looks clean.,technical
support zone.,technical
support zone.,technical
technical setup looks clean.,technical
double bottom forming.,technical
volume confirms breakout.,technical
bollinger band squeeze.,technical
technical setup looks clean.,technical
volume confirms breakout.,technical
volume confirms breakout.,technical
head and shoulders pattern.,technical
trendline bounce.,technical
technical setup looks clean.,technical
head and shoulders pattern.,technical
double bottom forming.,technical
technical setup looks clean.,technical
volume confirms breakout.,technical
Fibonacci retracement level.,technical
technical setup looks clean.,technical
bollinger band squeeze.,technical
technical setup looks clean.,technical
Fibonacci retracement level.,technical
RSI is oversold.,technical
trendline bounce.,technical
RSI is oversold.,technical
trendline bounce.,technical
MACD crossover.,technical
trendline bounce.,technical
volume confirms breakout.,technical
RSI is oversold.,technical
Fibonacci retracement level.,technical
RSI is oversold.,technical
MACD crossover.,technical
trendline bounce.,technical
trendline bounce.,technical
bollinger band squeeze.,technical
CPI came in hot.,macro
Fed rate hike incoming.,macro
job report beat.,macro
recession fears mounting.,macro
recession fears mounting.,macro
CPI came in hot.,macro
CPI came in hot.,macro
recession fears mounting.,macro
dollar index rallying.,macro
bond yields rising.,macro
dollar index rallying.,macro
bond yields rising.,macro
inflation data released.,macro
bond yields rising.,macro
job report beat.,macro
bond yields rising.,macro
CPI came in hot.,macro
macroeconomic uncertainty.,macro
bond yields rising.,macro
GDP contraction.,macro
CPI came in hot.,macro
bond yields rising.,macro
job report beat.,macro
recession fears mounting.,macro
Fed rate hike incoming.,macro
dollar index rallying.,macro
recession fears mounting.,macro
inflation data released.,macro
recession fears mounting.,macro
Fed rate hike incoming.,macro
GDP contraction.,macro
GDP contraction.,macro
dollar index rallying.,macro
GDP contraction.,macro
recession fears mounting.,macro
recession fears mounting.,macro
job report beat.,macro
GDP contraction.,macro
job report beat.,macro
job report beat.,macro
bond yields rising.,macro
inflation data released.,macro
inflation data released.,macro
Fed rate hike incoming.,macro
macroeconomic uncertainty.,macro
GDP contraction.,macro
macroeconomic uncertainty.,macro
CPI came in hot.,macro
dollar index rallying.,macro
GDP contraction.,macro
recession fears mounting.,macro
recession fears mounting.,macro
CPI came in hot.,macro
Fed rate hike incoming.,macro
Fed rate hike incoming.,macro
GDP contraction.,macro
inflation data released.,macro
CPI came in hot.,macro
Fed rate hike incoming.,macro
macroeconomic uncertainty.,macro
recession fears mounting.,macro
recession fears mounting.,macro
recession fears mounting.,macro
inflation data released.,macro
macroeconomic uncertainty.,macro
GDP contraction.,macro
recession fears mounting.,macro
inflation data released.,macro
central bank tightening.,macro
dollar index rallying.,macro
inflation data released.,macro
recession fears mounting.,macro
central bank tightening.,macro
GDP contraction.,macro
recession fears mounting.,macro
bond yields rising.,macro
dollar index rallying.,macro
macroeconomic uncertainty.,macro
GDP contraction.,macro
central bank tightening.,macro
macroeconomic uncertainty.,macro
job report beat.,macro
inflation data released.,macro
recession fears mounting.,macro
inflation data released.,macro
central bank tightening.,macro
bond yields rising.,macro
recession fears mounting.,macro
Fed rate hike incoming.,macro
macroeconomic uncertainty.,macro
macroeconomic uncertainty.,macro
central bank tightening.,macro
job report beat.,macro
macroeconomic uncertainty.,macro
central bank tightening.,macro
CPI came in hot.,macro
Fed rate hike incoming.,macro
Fed rate hike incoming.,macro
CPI came in hot.,macro
recession fears mounting.,macro
job report beat.,macro
macroeconomic uncertainty.,macro
recession fears mounting.,macro
inflation data released.,macro
recession fears mounting.,macro
recession fears mounting.,macro
macroeconomic uncertainty.,macro
bond yields rising.,macro
CPI came in hot.,macro
central bank tightening.,macro
CPI came in hot.,macro
recession fears mounting.,macro
CPI came in hot.,macro
bond yields rising.,macro
central bank tightening.,macro
central bank tightening.,macro
Fed rate hike incoming.,macro
dollar index rallying.,macro
central bank tightening.,macro
GDP contraction.,macro
GDP contraction.,macro
job report beat.,macro
dollar index rallying.,macro
dollar index rallying.,macro
CPI came in hot.,macro
Fed rate hike incoming.,macro
GDP contraction.,macro
recession fears mounting.,macro
inflation data released.,macro
macroeconomic uncertainty.,macro
GDP contraction.,macro
dollar index rallying.,macro
job report beat.,macro
central bank tightening.,macro
GDP contraction.,macro
recession fears mounting.,macro
recession fears mounting.,macro
recession fears mounting.,macro
CPI came in hot.,macro
inflation data released.,macro
Fed rate hike incoming.,macro
inflation data released.,macro
central bank tightening.,macro
bond yields rising.,macro
Fed rate hike incoming.,macro
Fed rate hike incoming.,macro
central bank tightening.,macro
job report beat.,macro
bond yields rising.,macro
inflation data released.,macro
dollar index rallying.,macro
macroeconomic uncertainty.,macro
central bank tightening.,macro
job report beat.,macro
macroeconomic uncertainty.,macro
dollar index rallying.,macro
bond yields rising.,macro
CPI came in hot.,macro
recession fears mounting.,macro
dollar index rallying.,macro
central bank tightening.,macro
recession fears mounting.,macro
inflation data released.,macro
GDP contraction.,macro
central bank tightening.,macro
Fed rate hike incoming.,macro
dollar index rallying.,macro
CPI came in hot.,macro
CPI came in hot.,macro
dollar index rallying.,macro
Fed rate hike incoming.,macro
CPI came in hot.,macro
CPI came in hot.,macro
central bank tightening.,macro
recession fears mounting.,macro
Fed rate hike incoming.,macro
CPI came in hot.,macro
central bank tightening.,macro
job report beat.,macro
job report beat.,macro
macroeconomic uncertainty.,macro
job report beat.,macro
macroeconomic uncertainty.,macro
inflation data released.,macro
recession fears mounting.,macro
macroeconomic uncertainty.,macro
central bank tightening.,macro
inflation data released.,macro
job report beat.,macro
recession fears mounting.,macro
CPI came in hot.,macro
inflation data released.,macro
bond yields rising.,macro
Fed rate hike incoming.,macro
recession fears mounting.,macro
GDP contraction.,macro
central bank tightening.,macro
bond yields rising.,macro
dollar index rallying.,macro
GDP contraction.,macro
strong quarter results.,earnings
guidance raised.,earnings
missed on top line.,earnings
earnings report due this week.,earnings
analysts upgrading post earnings.,earnings
revenue surprise.,earnings
guidance raised.,earnings
earnings report due this week.,earnings
forward guidance is positive.,earnings
revenue surprise.,earnings
analysts upgrading post earnings.,earnings
EPS beat expectations.,earnings
EPS beat expectations.,earnings
beat and raise scenario.,earnings
missed on top line.,earnings
earnings report due this week.,earnings
missed on top line.,earnings
strong quarter results.,earnings
missed on top line.,earnings
beat and raise scenario.,earnings
strong quarter results.,earnings
revenue surprise.,earnings
forward guidance is positive.,earnings
beat and raise scenario.,earnings
forward guidance is positive.,earnings
analysts upgrading post earnings.,earnings
revenue surprise.,earnings
guidance raised.,earnings
analysts upgrading post earnings.,earnings
strong quarter results.,earnings
guidance raised.,earnings
EPS beat expectations.,earnings
EPS beat expectations.,earnings
guidance raised.,earnings
quarterly call bullish.,earnings
missed on top line.,earnings
quarterly call bullish.,earnings
forward guidance is positive.,earnings
EPS beat expectations.,earnings
beat and raise scenario.,earnings
strong quarter results.,earnings
EPS beat expectations.,earnings
analysts upgrading post earnings.,earnings
forward guidance is positive.,earnings
revenue surprise.,earnings
quarterly call bullish.,earnings
strong quarter results.,earnings
EPS beat expectations.,earnings
beat and raise scenario.,earnings
beat and raise scenario.,earnings
earnings report due this week.,earnings
quarterly call bullish.,earnings
analysts upgrading post earnings.,earnings
beat and raise scenario.,earnings
forward guidance is positive.,earnings
strong quarter results.,earnings
guidance raised.,earnings
earnings report due this week.,earnings
strong quarter results.,earnings
EPS beat expectations.,earnings
quarterly call bullish.,earnings
beat and raise scenario.,earnings
quarterly call bullish.,earnings
beat and raise scenario.,earnings
quarterly call bullish.,earnings
missed on top line.,earnings
earnings report due this week.,earnings
forward guidance is positive.,earnings
EPS beat expectations.,earnings
beat and raise scenario.,earnings
guidance raised.,earnings
earnings report due this week.,earnings
strong quarter results.,earnings
strong quarter results.,earnings
revenue surprise.,earnings
strong quarter results.,earnings
analysts upgrading post earnings.,earnings
revenue surprise.,earnings
guidance raised.,earnings
beat and raise scenario.,earnings
EPS beat expectations.,earnings
analysts upgrading post earnings.,earnings
strong quarter results.,earnings
revenue surprise.,earnings
strong quarter results.,earnings
beat and raise scenario.,earnings
forward guidance is positive.,earnings
beat and raise scenario.,earnings
earnings report due this week.,earnings
analysts upgrading post earnings.,earnings
missed on top line.,earnings
beat and raise scenario.,earnings
beat and raise scenario.,earnings
strong quarter results.,earnings
missed on top line.,earnings
forward guidance is positive.,earnings
beat and raise scenario.,earnings
beat and raise scenario.,earnings
guidance raised.,earnings
missed on top line.,earnings
EPS beat expectations.,earnings
strong quarter results.,earnings
beat and raise scenario.,earnings
missed on top line.,earnings
strong quarter results.,earnings
missed on top line.,earnings
earnings report due this week.,earnings
forward guidance is positive.,earnings
missed on top line.,earnings
earnings report due this week.,earnings
strong quarter results.,earnings
missed on top line.,earnings
analysts upgrading post earnings.,earnings
earnings report due this week.,earnings
EPS beat expectations.,earnings
forward guidance is positive.,earnings
beat and raise scenario.,earnings
quarterly call bullish.,earnings
earnings report due this week.,earnings
forward guidance is positive.,earnings
forward guidance is positive.,earnings
analysts upgrading post earnings.,earnings
beat and raise scenario.,earnings
guidance raised.,earnings
missed on top line.,earnings
guidance raised.,earnings
guidance raised.,earnings
revenue surprise.,earnings
analysts upgrading post earnings.,earnings
analysts upgrading post earnings.,earnings
guidance raised.,earnings
analysts upgrading post earnings.,earnings
forward guidance is positive.,earnings
missed on top line.,earnings
earnings report due this week.,earnings
forward guidance is positive.,earnings
beat and raise scenario.,earnings
quarterly call bullish.,earnings
quarterly call bullish.,earnings
guidance raised.,earnings
guidance raised.,earnings
revenue surprise.,earnings
strong quarter results.,earnings
guidance raised.,earnings
earnings report due this week.,earnings
forward guidance is positive.,earnings
forward guidance is positive.,earnings
analysts upgrading post earnings.,earnings
EPS beat expectations.,earnings
strong quarter results.,earnings
forward guidance is positive.,earnings
EPS beat expectations.,earnings
analysts upgrading post earnings.,earnings
revenue surprise.,earnings
guidance raised.,earnings
missed on top line.,earnings
guidance raised.,earnings
strong quarter results.,earnings
earnings report due this week.,earnings
quarterly call bullish.,earnings
missed on top line.,earnings
analysts upgrading post earnings.,earnings
strong quarter results.,earnings
quarterly call bullish.,earnings
guidance raised.,earnings
guidance raised.,earnings
revenue surprise.,earnings
beat and raise scenario.,earnings
analysts upgrading post earnings.,earnings
earnings report due this week.,earnings
guidance raised.,earnings
missed on top line.,earnings
quarterly call bullish.,earnings
strong quarter results.,earnings
quarterly call bullish.,earnings
analysts upgrading post earnings.,earnings
missed on top line.,earnings
EPS beat expectations.,earnings
earnings report due this week.,earnings
EPS beat expectations.,earnings
revenue surprise.,earnings
earnings report due this week.,earnings
revenue surprise.,earnings
strong quarter results.,earnings
revenue surprise.,earnings
beat and raise scenario.,earnings
earnings report due this week.,earnings
EPS beat expectations.,earnings
guidance raised.,earnings
forward guidance is positive.,earnings
strong quarter results.,earnings
strong quarter results.,earnings
forward guidance is positive.,earnings
missed on top line.,earnings
analysts upgrading post earnings.,earnings
guidance raised.,earnings
EPS beat expectations.,earnings
revenue surprise.,earnings
strong quarter results.,earnings
strong quarter results.,earnings
product recall.,news
government contract win.,news
product recall.,news
CEO stepped down.,news
product recall.,news
class action lawsuit.,news
government contract win.,news
positive news sentiment.,news
CEO stepped down.,news
big tech news cycle.,news
FDA approval.,news
government contract win.,news
CEO stepped down.,news
class action lawsuit.,news
government contract win.,news
positive news sentiment.,news
positive news sentiment.,news
big tech news cycle.,news
FDA approval.,news
headline risk.,news
merger announcement.,news
government contract win.,news
FDA approval.,news
analyst upgrade.,news
big tech news cycle.,news
merger announcement.,news
FDA approval.,news
analyst upgrade.,news
CEO stepped down.,news
FDA approval.,news
FDA approval.,news
positive news sentiment.,news
FDA approval.,news
analyst upgrade.,news
CEO stepped down.,news
big tech news cycle.,news
CEO stepped down.,news
merger announcement.,news
product recall.,news
FDA approval.,news
analyst upgrade.,news
FDA approval.,news
big tech news cycle.,news
analyst upgrade.,news
product recall.,news
class action lawsuit.,news
analyst upgrade.,news
analyst upgrade.,news
FDA approval.,news
analyst upgrade.,news
positive news sentiment.,news
headline risk.,news
headline risk.,news
FDA approval.,news
big tech news cycle.,news
government contract win.,news
product recall.,news
CEO stepped down.,news
product recall.,news
merger announcement.,news
headline risk.,news
class action lawsuit.,news
product recall.,news
analyst upgrade.,news
headline risk.,news
positive news sentiment.,news
analyst upgrade.,news
government contract win.,news
product recall.,news
analyst upgrade.,news
big tech news cycle.,news
class action lawsuit.,news
FDA approval.,news
big tech news cycle.,news
big tech news cycle.,news
headline risk.,news
positive news sentiment.,news
merger announcement.,news
class action lawsuit.,news
class action lawsuit.,news
headline risk.,news
big tech news cycle.,news
FDA approval.,news
merger announcement.,news
merger announcement.,news
analyst upgrade.,news
positive news sentiment.,news
government contract win.,news
big tech news cycle.,news
FDA approval.,news
FDA approval.,news
merger announcement.,news
headline risk.,news
class action lawsuit.,news
positive news sentiment.,news
product recall.,news
analyst upgrade.,news
product recall.,news
analyst upgrade.,news
positive news sentiment.,news
government contract win.,news
product recall.,news
government contract win.,news
CEO stepped down.,news
positive news sentiment.,news
headline risk.,news
merger announcement.,news
FDA approval.,news
positive news sentiment.,news
product recall.,news
analyst upgrade.,news
positive news sentiment.,news
CEO stepped down.,news
headline risk.,news
CEO stepped down.,news
big tech news cycle.,news
analyst upgrade.,news
class action lawsuit.,news
big tech news cycle.,news
analyst upgrade.,news
FDA approval.,news
CEO stepped down.,news
analyst upgrade.,news
CEO stepped down.,news
merger announcement.,news
government contract win.,news
government contract win.,news
positive news sentiment.,news
government contract win.,news
product recall.,news
government contract win.,news
CEO stepped down.,news
analyst upgrade.,news
analyst upgrade.,news
positive news sentiment.,news
headline risk.,news
government contract win.,news
merger announcement.,news
FDA approval.,news
class action lawsuit.,news
class action lawsuit.,news
product recall.,news
headline risk.,news
headline risk.,news
FDA approval.,news
FDA approval.,news
analyst upgrade.,news
product recall.,news
FDA approval.,news
merger announcement.,news
positive news sentiment.,news
headline risk.,news
CEO stepped down.,news
big tech news cycle.,news
government contract win.,news
product recall.,news
analyst upgrade.,news
analyst upgrade.,news
analyst upgrade.,news
CEO stepped down.,news
merger announcement.,news
CEO stepped down.,news
product recall.,news
CEO stepped down.,news
product recall.,news
government contract win.,news
positive news sentiment.,news
headline risk.,news
big tech news cycle.,news
class action lawsuit.,news
CEO stepped down.,news
product recall.,news
FDA approval.,news
FDA approval.,news
product recall.,news
headline risk.,news
positive news sentiment.,news
headline risk.,news
big tech news cycle.,news
headline risk.,news
government contract win.,news
headline risk.,news
positive news sentiment.,news
big tech news cycle.,news
analyst upgrade.,news
analyst upgrade.,news
CEO stepped down.,news
merger announcement.,news
government contract win.,news
positive news sentiment.,news
government contract win.,news
class action lawsuit.,news
product recall.,news
class action lawsuit.,news
product recall.,news
merger announcement.,news
positive news sentiment.,news
analyst upgrade.,news
big tech news cycle.,news
product recall.,news
gap fill trade.,swing
range breakout.,swing
looking for quick bounce.,swing
short-term volatility expected.,swing
gap fill trade.,swing
reversal play.,swing
short-term volatility expected.,swing
consolidation breakout.,swing
consolidation breakout.,swing
short-term volatility expected.,swing
holding for 3-5 days.,swing
consolidation breakout.,swing
range breakout.,swing
consolidation breakout.,swing
looking for quick bounce.,swing
looking for quick bounce.,swing
entering for a short-term move.,swing
reversal play.,swing
holding for 3-5 days.,swing
gap fill trade.,swing
reversal play.,swing
short-term volatility expected.,swing
entering for a short-term move.,swing
range breakout.,swing
holding for 3-5 days.,swing
swing setup.,swing
momentum over next week.,swing
momentum over next week.,swing
short-term volatility expected.,swing
swing setup.,swing
looking for quick bounce.,swing
entering for a short-term move.,swing
holding for 3-5 days.,swing
holding for 3-5 days.,swing
swing setup.,swing
momentum over next week.,swing
short-term volatility expected.,swing
entering for a short-term move.,swing
range breakout.,swing
range breakout.,swing
entering for a short-term move.,swing
gap fill trade.,swing
momentum over next week.,swing
swing setup.,swing
reversal play.,swing
consolidation breakout.,swing
short-term volatility expected.,swing
entering for a short-term move.,swing
entering for a short-term move.,swing
momentum over next week.,swing
momentum over next week.,swing
consolidation breakout.,swing
reversal play.,swing
entering for a short-term move.,swing
momentum over next week.,swing
holding for 3-5 days.,swing
entering for a short-term move.,swing
swing setup.,swing
short-term volatility expected.,swing
reversal play.,swing
short-term volatility expected.,swing
holding for 3-5 days.,swing
entering for a short-term move.,swing
swing setup.,swing
consolidation breakout.,swing
short-term volatility expected.,swing
reversal play.,swing
consolidation breakout.,swing
short-term volatility expected.,swing
short-term volatility expected.,swing
range breakout.,swing
momentum over next week.,swing
short-term volatility expected.,swing
reversal play.,swing
gap fill trade.,swing
reversal play.,swing
swing setup.,swing
reversal play.,swing
looking for quick bounce.,swing
momentum over next week.,swing
short-term volatility expected.,swing
looking for quick bounce.,swing
looking for quick bounce.,swing
looking for quick bounce.,swing
momentum over next week.,swing
range breakout.,swing
range breakout.,swing
consolidation breakout.,swing
entering for a short-term move.,swing
range breakout.,swing
reversal play.,swing
short-term volatility expected.,swing
range breakout.,swing
consolidation breakout.,swing
short-term volatility expected.,swing
looking for quick bounce.,swing
reversal play.,swing
gap fill trade.,swing
looking for quick bounce.,swing
gap fill trade.,swing
holding for 3-5 days.,swing
entering for a short-term move.,swing
gap fill trade.,swing
gap fill trade.,swing
momentum over next week.,swing
range breakout.,swing
holding for 3-5 days.,swing
entering for a short-term move.,swing
looking for quick bounce.,swing
entering for a short-term move.,swing
holding for 3-5 days.,swing
consolidation breakout.,swing
momentum over next week.,swing
holding for 3-5 days.,swing
consolidation breakout.,swing
short-term volatility expected.,swing
range breakout.,swing
holding for 3-5 days.,swing
range breakout.,swing
entering for a short-term move.,swing
looking for quick bounce.,swing
consolidation breakout.,swing
reversal play.,swing
entering for a short-term move.,swing
momentum over next week.,swing
momentum over next week.,swing
holding for 3-5 days.,swing
swing setup.,swing
entering for a short-term move.,swing
momentum over next week.,swing
range breakout.,swing
reversal play.,swing
range breakout.,swing
consolidation breakout.,swing
consolidation breakout.,swing
consolidation breakout.,swing
momentum over next week.,swing
short-term volatility expected.,swing
momentum over next week.,swing
range breakout.,swing
momentum over next week.,swing
holding for 3-5 days.,swing
momentum over next week.,swing
momentum over next week.,swing
holding for 3-5 days.,swing
short-term volatility expected.,swing
consolidation breakout.,swing
momentum over next week.,swing
range breakout.,swing
reversal play.,swing
entering for a short-term move.,swing
entering for a short-term move.,swing
looking for quick bounce.,swing
momentum over next week.,swing
entering for a short-term move.,swing
holding for 3-5 days.,swing
holding for 3-5 days.,swing
reversal play.,swing
swing setup.,swing
range breakout.,swing
swing setup.,swing
reversal play.,swing
looking for quick bounce.,swing
holding for 3-5 days.,swing
holding for 3-5 days.,swing
entering for a short-term move.,swing
momentum over next week.,swing
entering for a short-term move.,swing
reversal play.,swing
holding for 3-5 days.,swing
range breakout.,swing
gap fill trade.,swing
looking for quick bounce.,swing
swing setup.,swing
looking for quick bounce.,swing
swing setup.,swing
range breakout.,swing
short-term volatility expected.,swing
reversal play.,swing
consolidation breakout.,swing
reversal play.,swing
reversal play.,swing
consolidation breakout.,swing
short-term volatility expected.,swing
looking for quick bounce.,swing
momentum over next week.,swing
reversal play.,swing
holding for 3-5 days.,swing
short-term volatility expected.,swing
holding for 3-5 days.,swing
entering for a short-term move.,swing
entering for a short-term move.,swing
short-term volatility expected.,swing
consolidation breakout.,swing
looking for quick bounce.,swing
reversal play.,swing
gap fill trade.,swing
gap fill trade.,swing
looking for quick bounce.,swing
range breakout.,swing
volume surge at open.,scalp
morning spike scalp.,scalp
quick in and out.,scalp
volume surge at open.,scalp
10% scalp goal.,scalp
VWAP rejection scalp.,scalp
10% scalp goal.,scalp
pre-market pop.,scalp
1-minute chart setup.,scalp
tight stop loss.,scalp
1-minute chart setup.,scalp
tight stop loss.,scalp
1-minute chart setup.,scalp
volume surge at open.,scalp
low float runner.,scalp
VWAP rejection scalp.,scalp
pre-market pop.,scalp
morning spike scalp.,scalp
morning spike scalp.,scalp
1-minute chart setup.,scalp
tight stop loss.,scalp
10% scalp goal.,scalp
1-minute chart setup.,scalp
quick in and out.,scalp
volume surge at open.,scalp
pre-market pop.,scalp
low float runner.,scalp
quick in and out.,scalp
low float runner.,scalp
quick in and out.,scalp
quick in and out.,scalp
morning spike scalp.,scalp
10% scalp goal.,scalp
1-minute chart setup.,scalp
10% scalp goal.,scalp
quick in and out.,scalp
10% scalp goal.,scalp
volume surge at open.,scalp
morning spike scalp.,scalp
pre-market pop.,scalp
1-minute chart setup.,scalp
morning spike scalp.,scalp
morning spike scalp.,scalp
tight stop loss.,scalp
morning spike scalp.,scalp
morning spike scalp.,scalp
volume surge at open.,scalp
morning spike scalp.,scalp
VWAP rejection scalp.,scalp
quick in and out.,scalp
low float runner.,scalp
pre-market pop.,scalp
1-minute chart setup.,scalp
quick in and out.,scalp
quick in and out.,scalp
VWAP rejection scalp.,scalp
10% scalp goal.,scalp
10% scalp goal.,scalp
momentum scalp.,scalp
VWAP rejection scalp.,scalp
10% scalp goal.,scalp
low float runner.,scalp
tight stop loss.,scalp
momentum scalp.,scalp
tight stop loss.,scalp
pre-market pop.,scalp
quick in and out.,scalp
pre-market pop.,scalp
tight stop loss.,scalp
momentum scalp.,scalp
10% scalp goal.,scalp
tight stop loss.,scalp
1-minute chart setup.,scalp
quick in and out.,scalp
momentum scalp.,scalp
momentum scalp.,scalp
1-minute chart setup.,scalp
pre-market pop.,scalp
low float runner.,scalp
morning spike scalp.,scalp
morning spike scalp.,scalp
VWAP rejection scalp.,scalp
tight stop loss.,scalp
tight stop loss.,scalp
low float runner.,scalp
pre-market pop.,scalp
VWAP rejection scalp.,scalp
1-minute chart setup.,scalp
tight stop loss.,scalp
momentum scalp.,scalp
momentum scalp.,scalp
10% scalp goal.,scalp
pre-market pop.,scalp
morning spike scalp.,scalp
quick in and out.,scalp
momentum scalp.,scalp
momentum scalp.,scalp
10% scalp goal.,scalp
10% scalp goal.,scalp
10% scalp goal.,scalp
volume surge at open.,scalp
low float runner.,scalp
1-minute chart setup.,scalp
volume surge at open.,scalp
1-minute chart setup.,scalp
quick in and out.,scalp
VWAP rejection scalp.,scalp
VWAP rejection scalp.,scalp
1-minute chart setup.,scalp
volume surge at open.,scalp
pre-market pop.,scalp
1-minute chart setup.,scalp
tight stop loss.,scalp
morning spike scalp.,scalp
tight stop loss.,scalp
VWAP rejection scalp.,scalp
quick in and out.,scalp
10% scalp goal.,scalp
quick in and out.,scalp
low float runner.,scalp
morning spike scalp.,scalp
tight stop loss.,scalp
pre-market pop.,scalp
low float runner.,scalp
momentum scalp.,scalp
VWAP rejection scalp.,scalp
momentum scalp.,scalp
pre-market pop.,scalp
morning spike scalp.,scalp
VWAP rejection scalp.,scalp
morning spike scalp.,scalp
morning spike scalp.,scalp
volume surge at open.,scalp
1-minute chart setup.,scalp
10% scalp goal.,scalp
volume surge at open.,scalp
10% scalp goal.,scalp
1-minute chart setup.,scalp
pre-market pop.,scalp
tight stop loss.,scalp
VWAP rejection scalp.,scalp
volume surge at open.,scalp
tight stop loss.,scalp
momentum scalp.,scalp
1-minute chart setup.,scalp
low float runner.,scalp
volume surge at open.,scalp
1-minute chart setup.,scalp
tight stop loss.,scalp
pre-market pop.,scalp
pre-market pop.,scalp
pre-market pop.,scalp
morning spike scalp.,scalp
morning spike scalp.,scalp
tight stop loss.,scalp
quick in and out.,scalp
pre-market pop.,scalp
10% scalp goal.,scalp
morning spike scalp.,scalp
VWAP rejection scalp.,scalp
morning spike scalp.,scalp
volume surge at open.,scalp
quick in and out.,scalp
volume surge at open.,scalp
momentum scalp.,scalp
1-minute chart setup.,scalp
low float runner.,scalp
tight stop loss.,scalp
volume surge at open.,scalp
volume surge at open.,scalp
1-minute chart setup.,scalp
tight stop loss.,scalp
morning spike scalp.,scalp
tight stop loss.,scalp
quick in and out.,scalp
low float runner.,scalp
low float runner.,scalp
volume surge at open.,scalp
quick in and out.,scalp
low float runner.,scalp
10% scalp goal.,scalp
1-minute chart setup.,scalp
quick in and out.,scalp
pre-market pop.,scalp
morning spike scalp.,scalp
1-minute chart setup.,scalp
pre-market pop.,scalp
low float runner.,scalp
10% scalp goal.,scalp
pre-market pop.,scalp
quick in and out.,scalp
momentum scalp.,scalp
low float runner.,scalp
volume surge at open.,scalp
morning spike scalp.,scalp
1-minute chart setup.,scalp
pre-market pop.,scalp
VWAP rejection scalp.,scalp
1-minute chart setup.,scalp
1-minute chart setup.,scalp
